{
  "hash": "7de3e59e",
  "configHash": "e63a50b1",
  "lockfileHash": "4c905824",
  "browserHash": "36362f71",
  "optimized": {
    "@angular/common": {
      "src": "../../../../../node_modules/@angular/common/fesm2022/common.mjs",
      "file": "@angular_common.js",
      "fileHash": "be7fec93",
      "needsInterop": false
    },
    "@angular/core": {
      "src": "../../../../../node_modules/@angular/core/fesm2022/core.mjs",
      "file": "@angular_core.js",
      "fileHash": "ba9f69c9",
      "needsInterop": false
    },
    "@angular/forms": {
      "src": "../../../../../node_modules/@angular/forms/fesm2022/forms.mjs",
      "file": "@angular_forms.js",
      "fileHash": "146ce4e1",
      "needsInterop": false
    },
    "@angular/platform-browser": {
      "src": "../../../../../node_modules/@angular/platform-browser/fesm2022/platform-browser.mjs",
      "file": "@angular_platform-browser.js",
      "fileHash": "28e94748",
      "needsInterop": false
    },
    "@angular/router": {
      "src": "../../../../../node_modules/@angular/router/fesm2022/router.mjs",
      "file": "@angular_router.js",
      "fileHash": "c4fe0f0a",
      "needsInterop": false
    },
    "ngx-cookie-service": {
      "src": "../../../../../node_modules/ngx-cookie-service/fesm2022/ngx-cookie-service.mjs",
      "file": "ngx-cookie-service.js",
      "fileHash": "0438c649",
      "needsInterop": false
    },
    "rxjs": {
      "src": "../../../../../node_modules/rxjs/dist/esm5/index.js",
      "file": "rxjs.js",
      "fileHash": "12753bfa",
      "needsInterop": false
    }
  },
  "chunks": {
    "chunk-4AWS5GDN": {
      "file": "chunk-4AWS5GDN.js"
    },
    "chunk-U6T465MX": {
      "file": "chunk-U6T465MX.js"
    },
    "chunk-26IGLY6R": {
      "file": "chunk-26IGLY6R.js"
    },
    "chunk-R7GQRDZ6": {
      "file": "chunk-R7GQRDZ6.js"
    }
  }
}