{
  "hash": "7f9ce190",
  "configHash": "c01afa24",
  "lockfileHash": "4c905824",
  "browserHash": "86345591",
  "optimized": {
    "@angular/common": {
      "src": "../../../../../node_modules/@angular/common/fesm2022/common.mjs",
      "file": "@angular_common.js",
      "fileHash": "29bc0933",
      "needsInterop": false
    },
    "@angular/core": {
      "src": "../../../../../node_modules/@angular/core/fesm2022/core.mjs",
      "file": "@angular_core.js",
      "fileHash": "0d13403c",
      "needsInterop": false
    },
    "@angular/platform-browser": {
      "src": "../../../../../node_modules/@angular/platform-browser/fesm2022/platform-browser.mjs",
      "file": "@angular_platform-browser.js",
      "fileHash": "dc8d8796",
      "needsInterop": false
    },
    "@angular/router": {
      "src": "../../../../../node_modules/@angular/router/fesm2022/router.mjs",
      "file": "@angular_router.js",
      "fileHash": "89fdc5ea",
      "needsInterop": false
    }
  },
  "chunks": {
    "chunk-6HXOKRCZ": {
      "file": "chunk-6HXOKRCZ.js"
    },
    "chunk-U2STV35N": {
      "file": "chunk-U2STV35N.js"
    },
    "chunk-O7KAIYEH": {
      "file": "chunk-O7KAIYEH.js"
    }
  }
}