{
  "hash": "0d6761cb",
  "configHash": "4a68d2a9",
  "lockfileHash": "4c905824",
  "browserHash": "bf52db53",
  "optimized": {
    "@angular/common": {
      "src": "../../../../../node_modules/@angular/common/fesm2022/common.mjs",
      "file": "@angular_common.js",
      "fileHash": "e862f33d",
      "needsInterop": false
    },
    "@angular/core": {
      "src": "../../../../../node_modules/@angular/core/fesm2022/core.mjs",
      "file": "@angular_core.js",
      "fileHash": "1c9f987e",
      "needsInterop": false
    },
    "@angular/forms": {
      "src": "../../../../../node_modules/@angular/forms/fesm2022/forms.mjs",
      "file": "@angular_forms.js",
      "fileHash": "62353da8",
      "needsInterop": false
    },
    "@angular/platform-browser": {
      "src": "../../../../../node_modules/@angular/platform-browser/fesm2022/platform-browser.mjs",
      "file": "@angular_platform-browser.js",
      "fileHash": "11402fe3",
      "needsInterop": false
    },
    "@angular/router": {
      "src": "../../../../../node_modules/@angular/router/fesm2022/router.mjs",
      "file": "@angular_router.js",
      "fileHash": "b28d58e4",
      "needsInterop": false
    }
  },
  "chunks": {
    "chunk-TXDK3YIR": {
      "file": "chunk-TXDK3YIR.js"
    },
    "chunk-BCI4JWLY": {
      "file": "chunk-BCI4JWLY.js"
    },
    "chunk-HVFU3AXE": {
      "file": "chunk-HVFU3AXE.js"
    }
  }
}